{"stats":{"minecraft:used":{"minecraft:stone_sword":5,"minecraft:birch_sapling":1,"minecraft:wooden_pickaxe":28,"minecraft:rotten_flesh":2,"minecraft:stone_axe":26,"minecraft:dirt":7,"minecraft:crafting_table":1,"minecraft:furnace":1,"minecraft:egg":2},"minecraft:killed":{"minecraft:chicken":3},"minecraft:crafted":{"minecraft:stone_shovel":2,"minecraft:crafting_table":1,"minecraft:stick":16,"minecraft:cooked_chicken":2,"minecraft:wooden_pickaxe":1,"minecraft:stone_pickaxe":2,"minecraft:stone_sword":2,"minecraft:furnace":1,"minecraft:birch_planks":52,"minecraft:stone_axe":2,"minecraft:air":0},"minecraft:custom":{"minecraft:time_since_rest":12131,"minecraft:interact_with_furnace":2,"minecraft:sprint_one_cm":37800,"minecraft:damage_taken":160,"minecraft:walk_one_cm":14900,"minecraft:mob_kills":3,"minecraft:damage_dealt":120,"minecraft:interact_with_crafting_table":3,"minecraft:fly_one_cm":40160,"minecraft:crouch_one_cm":3299,"minecraft:play_time":12131,"minecraft:sneak_time":1256,"minecraft:jump":241,"minecraft:leave_game":2,"minecraft:time_since_death":12131,"minecraft:total_world_time":12131,"minecraft:fall_one_cm":10076},"minecraft:mined":{"minecraft:birch_log":34,"minecraft:birch_leaves":20,"minecraft:crafting_table":1,"minecraft:short_grass":2,"minecraft:stone":28},"minecraft:picked_up":{"minecraft:wooden_axe":1,"minecraft:birch_log":34,"minecraft:stick":7,"minecraft:crafting_table":1,"minecraft:feather":3,"minecraft:chicken":3,"minecraft:dirt":7,"minecraft:rotten_flesh":2,"minecraft:birch_sapling":9,"minecraft:cobblestone":28,"minecraft:egg":2}},"DataVersion":3839}