{"stats":{"minecraft:used":{"minecraft:birch_planks":5,"minecraft:birch_sapling":1,"minecraft:wooden_pickaxe":24,"minecraft:stone_axe":57,"minecraft:crafting_table":2,"minecraft:white_bed":1,"minecraft:egg":1,"minecraft:granite":2},"minecraft:crafted":{"minecraft:crafting_table":1,"minecraft:stick":8,"minecraft:wooden_pickaxe":1,"minecraft:stone_pickaxe":1,"minecraft:wooden_axe":1,"minecraft:white_bed":1,"minecraft:birch_planks":96,"minecraft:stone_axe":1},"minecraft:killed":{"minecraft:sheep":5,"minecraft:zombie":1,"minecraft:chicken":2,"minecraft:cow":5},"minecraft:custom":{"minecraft:time_since_rest":75,"minecraft:sprint_one_cm":25461,"minecraft:damage_taken":56,"minecraft:walk_one_cm":12201,"minecraft:mob_kills":13,"minecraft:drop":3,"minecraft:damage_dealt":1270,"minecraft:interact_with_crafting_table":4,"minecraft:fly_one_cm":25939,"minecraft:crouch_one_cm":2248,"minecraft:play_time":10056,"minecraft:sneak_time":958,"minecraft:jump":167,"minecraft:time_since_death":10056,"minecraft:sleep_in_bed":1,"minecraft:total_world_time":10056,"minecraft:fall_one_cm":3648},"minecraft:mined":{"minecraft:birch_planks":5,"minecraft:white_bed":1,"minecraft:birch_log":38,"minecraft:birch_leaves":1,"minecraft:crafting_table":1,"minecraft:granite":2,"minecraft:short_grass":1,"minecraft:grass_block":2,"minecraft:dirt":5,"minecraft:stone":18},"minecraft:dropped":{"minecraft:dirt":7,"minecraft:wooden_axe":2},"minecraft:picked_up":{"minecraft:wooden_axe":1,"minecraft:birch_log":38,"minecraft:crafting_table":1,"minecraft:feather":1,"minecraft:chicken":2,"minecraft:leather":2,"minecraft:birch_planks":5,"minecraft:dirt":7,"minecraft:wheat_seeds":1,"minecraft:beef":11,"minecraft:granite":2,"minecraft:black_wool":2,"minecraft:mutton":7,"minecraft:birch_sapling":1,"minecraft:white_wool":3,"minecraft:cobblestone":18,"minecraft:egg":2}},"DataVersion":3839}